code,rows,source,status,path,error
000027,0,,error,C:\Users\mengx\Desktop\量化策略\策略源码\data\4hao\raw\daily\000027.csv,"HTTPSConnectionPool(host='push2his.eastmoney.com', port=443): Max retries exceeded with url: /api/qt/stock/kline/get?fields1=f1%2Cf2%2Cf3%2Cf4%2Cf5%2Cf6%2Cf7%2Cf8%2Cf9%2Cf10%2Cf11%2Cf12%2Cf13&fields2=f51%2Cf52%2Cf53%2Cf54%2Cf55%2Cf56%2Cf57%2Cf58%2Cf59%2Cf60%2Cf61&beg=20250715&end=20260406&rtntype=6&secid=0.000027&klt=101&fqt=1 (Caused by ProxyError('Unable to connect to proxy', RemoteDisconnected('Remote end closed connection without response')))"
000063,0,,error,C:\Users\mengx\Desktop\量化策略\策略源码\data\4hao\raw\daily\000063.csv,"HTTPSConnectionPool(host='push2his.eastmoney.com', port=443): Max retries exceeded with url: /api/qt/stock/kline/get?fields1=f1%2Cf2%2Cf3%2Cf4%2Cf5%2Cf6%2Cf7%2Cf8%2Cf9%2Cf10%2Cf11%2Cf12%2Cf13&fields2=f51%2Cf52%2Cf53%2Cf54%2Cf55%2Cf56%2Cf57%2Cf58%2Cf59%2Cf60%2Cf61&beg=20250715&end=20260406&rtntype=6&secid=0.000063&klt=101&fqt=1 (Caused by ProxyError('Unable to connect to proxy', RemoteDisconnected('Remote end closed connection without response')))"
000661,0,,error,C:\Users\mengx\Desktop\量化策略\策略源码\data\4hao\raw\daily\000661.csv,"HTTPSConnectionPool(host='push2his.eastmoney.com', port=443): Max retries exceeded with url: /api/qt/stock/kline/get?fields1=f1%2Cf2%2Cf3%2Cf4%2Cf5%2Cf6%2Cf7%2Cf8%2Cf9%2Cf10%2Cf11%2Cf12%2Cf13&fields2=f51%2Cf52%2Cf53%2Cf54%2Cf55%2Cf56%2Cf57%2Cf58%2Cf59%2Cf60%2Cf61&beg=20250715&end=20260406&rtntype=6&secid=0.000661&klt=101&fqt=1 (Caused by ProxyError('Unable to connect to proxy', RemoteDisconnected('Remote end closed connection without response')))"
000686,0,,error,C:\Users\mengx\Desktop\量化策略\策略源码\data\4hao\raw\daily\000686.csv,"HTTPSConnectionPool(host='push2his.eastmoney.com', port=443): Max retries exceeded with url: /api/qt/stock/kline/get?fields1=f1%2Cf2%2Cf3%2Cf4%2Cf5%2Cf6%2Cf7%2Cf8%2Cf9%2Cf10%2Cf11%2Cf12%2Cf13&fields2=f51%2Cf52%2Cf53%2Cf54%2Cf55%2Cf56%2Cf57%2Cf58%2Cf59%2Cf60%2Cf61&beg=20250715&end=20260406&rtntype=6&secid=0.000686&klt=101&fqt=1 (Caused by ProxyError('Unable to connect to proxy', RemoteDisconnected('Remote end closed connection without response')))"
000825,0,,error,C:\Users\mengx\Desktop\量化策略\策略源码\data\4hao\raw\daily\000825.csv,"HTTPSConnectionPool(host='push2his.eastmoney.com', port=443): Max retries exceeded with url: /api/qt/stock/kline/get?fields1=f1%2Cf2%2Cf3%2Cf4%2Cf5%2Cf6%2Cf7%2Cf8%2Cf9%2Cf10%2Cf11%2Cf12%2Cf13&fields2=f51%2Cf52%2Cf53%2Cf54%2Cf55%2Cf56%2Cf57%2Cf58%2Cf59%2Cf60%2Cf61&beg=20250715&end=20260406&rtntype=6&secid=0.000825&klt=101&fqt=1 (Caused by ProxyError('Unable to connect to proxy', RemoteDisconnected('Remote end closed connection without response')))"
000917,0,,error,C:\Users\mengx\Desktop\量化策略\策略源码\data\4hao\raw\daily\000917.csv,"HTTPSConnectionPool(host='push2his.eastmoney.com', port=443): Max retries exceeded with url: /api/qt/stock/kline/get?fields1=f1%2Cf2%2Cf3%2Cf4%2Cf5%2Cf6%2Cf7%2Cf8%2Cf9%2Cf10%2Cf11%2Cf12%2Cf13&fields2=f51%2Cf52%2Cf53%2Cf54%2Cf55%2Cf56%2Cf57%2Cf58%2Cf59%2Cf60%2Cf61&beg=20250715&end=20260406&rtntype=6&secid=0.000917&klt=101&fqt=1 (Caused by ProxyError('Unable to connect to proxy', RemoteDisconnected('Remote end closed connection without response')))"
002004,0,,error,C:\Users\mengx\Desktop\量化策略\策略源码\data\4hao\raw\daily\002004.csv,"HTTPSConnectionPool(host='push2his.eastmoney.com', port=443): Max retries exceeded with url: /api/qt/stock/kline/get?fields1=f1%2Cf2%2Cf3%2Cf4%2Cf5%2Cf6%2Cf7%2Cf8%2Cf9%2Cf10%2Cf11%2Cf12%2Cf13&fields2=f51%2Cf52%2Cf53%2Cf54%2Cf55%2Cf56%2Cf57%2Cf58%2Cf59%2Cf60%2Cf61&beg=20250715&end=20260406&rtntype=6&secid=0.002004&klt=101&fqt=1 (Caused by ProxyError('Unable to connect to proxy', RemoteDisconnected('Remote end closed connection without response')))"
002049,0,,error,C:\Users\mengx\Desktop\量化策略\策略源码\data\4hao\raw\daily\002049.csv,"HTTPSConnectionPool(host='push2his.eastmoney.com', port=443): Max retries exceeded with url: /api/qt/stock/kline/get?fields1=f1%2Cf2%2Cf3%2Cf4%2Cf5%2Cf6%2Cf7%2Cf8%2Cf9%2Cf10%2Cf11%2Cf12%2Cf13&fields2=f51%2Cf52%2Cf53%2Cf54%2Cf55%2Cf56%2Cf57%2Cf58%2Cf59%2Cf60%2Cf61&beg=20250715&end=20260406&rtntype=6&secid=0.002049&klt=101&fqt=1 (Caused by ProxyError('Unable to connect to proxy', RemoteDisconnected('Remote end closed connection without response')))"
002151,0,,error,C:\Users\mengx\Desktop\量化策略\策略源码\data\4hao\raw\daily\002151.csv,"HTTPSConnectionPool(host='push2his.eastmoney.com', port=443): Max retries exceeded with url: /api/qt/stock/kline/get?fields1=f1%2Cf2%2Cf3%2Cf4%2Cf5%2Cf6%2Cf7%2Cf8%2Cf9%2Cf10%2Cf11%2Cf12%2Cf13&fields2=f51%2Cf52%2Cf53%2Cf54%2Cf55%2Cf56%2Cf57%2Cf58%2Cf59%2Cf60%2Cf61&beg=20250715&end=20260406&rtntype=6&secid=0.002151&klt=101&fqt=1 (Caused by ProxyError('Unable to connect to proxy', RemoteDisconnected('Remote end closed connection without response')))"
002153,0,,error,C:\Users\mengx\Desktop\量化策略\策略源码\data\4hao\raw\daily\002153.csv,"HTTPSConnectionPool(host='push2his.eastmoney.com', port=443): Max retries exceeded with url: /api/qt/stock/kline/get?fields1=f1%2Cf2%2Cf3%2Cf4%2Cf5%2Cf6%2Cf7%2Cf8%2Cf9%2Cf10%2Cf11%2Cf12%2Cf13&fields2=f51%2Cf52%2Cf53%2Cf54%2Cf55%2Cf56%2Cf57%2Cf58%2Cf59%2Cf60%2Cf61&beg=20250715&end=20260406&rtntype=6&secid=0.002153&klt=101&fqt=1 (Caused by ProxyError('Unable to connect to proxy', RemoteDisconnected('Remote end closed connection without response')))"
002167,0,,error,C:\Users\mengx\Desktop\量化策略\策略源码\data\4hao\raw\daily\002167.csv,"HTTPSConnectionPool(host='push2his.eastmoney.com', port=443): Max retries exceeded with url: /api/qt/stock/kline/get?fields1=f1%2Cf2%2Cf3%2Cf4%2Cf5%2Cf6%2Cf7%2Cf8%2Cf9%2Cf10%2Cf11%2Cf12%2Cf13&fields2=f51%2Cf52%2Cf53%2Cf54%2Cf55%2Cf56%2Cf57%2Cf58%2Cf59%2Cf60%2Cf61&beg=20250715&end=20260406&rtntype=6&secid=0.002167&klt=101&fqt=1 (Caused by ProxyError('Unable to connect to proxy', RemoteDisconnected('Remote end closed connection without response')))"
002171,0,,error,C:\Users\mengx\Desktop\量化策略\策略源码\data\4hao\raw\daily\002171.csv,"HTTPSConnectionPool(host='push2his.eastmoney.com', port=443): Max retries exceeded with url: /api/qt/stock/kline/get?fields1=f1%2Cf2%2Cf3%2Cf4%2Cf5%2Cf6%2Cf7%2Cf8%2Cf9%2Cf10%2Cf11%2Cf12%2Cf13&fields2=f51%2Cf52%2Cf53%2Cf54%2Cf55%2Cf56%2Cf57%2Cf58%2Cf59%2Cf60%2Cf61&beg=20250715&end=20260406&rtntype=6&secid=0.002171&klt=101&fqt=1 (Caused by ProxyError('Unable to connect to proxy', RemoteDisconnected('Remote end closed connection without response')))"
002185,0,,error,C:\Users\mengx\Desktop\量化策略\策略源码\data\4hao\raw\daily\002185.csv,"HTTPSConnectionPool(host='push2his.eastmoney.com', port=443): Max retries exceeded with url: /api/qt/stock/kline/get?fields1=f1%2Cf2%2Cf3%2Cf4%2Cf5%2Cf6%2Cf7%2Cf8%2Cf9%2Cf10%2Cf11%2Cf12%2Cf13&fields2=f51%2Cf52%2Cf53%2Cf54%2Cf55%2Cf56%2Cf57%2Cf58%2Cf59%2Cf60%2Cf61&beg=20250715&end=20260406&rtntype=6&secid=0.002185&klt=101&fqt=1 (Caused by ProxyError('Unable to connect to proxy', RemoteDisconnected('Remote end closed connection without response')))"
002222,0,,error,C:\Users\mengx\Desktop\量化策略\策略源码\data\4hao\raw\daily\002222.csv,"HTTPSConnectionPool(host='push2his.eastmoney.com', port=443): Max retries exceeded with url: /api/qt/stock/kline/get?fields1=f1%2Cf2%2Cf3%2Cf4%2Cf5%2Cf6%2Cf7%2Cf8%2Cf9%2Cf10%2Cf11%2Cf12%2Cf13&fields2=f51%2Cf52%2Cf53%2Cf54%2Cf55%2Cf56%2Cf57%2Cf58%2Cf59%2Cf60%2Cf61&beg=20250715&end=20260406&rtntype=6&secid=0.002222&klt=101&fqt=1 (Caused by ProxyError('Unable to connect to proxy', RemoteDisconnected('Remote end closed connection without response')))"
002292,0,,error,C:\Users\mengx\Desktop\量化策略\策略源码\data\4hao\raw\daily\002292.csv,"HTTPSConnectionPool(host='push2his.eastmoney.com', port=443): Max retries exceeded with url: /api/qt/stock/kline/get?fields1=f1%2Cf2%2Cf3%2Cf4%2Cf5%2Cf6%2Cf7%2Cf8%2Cf9%2Cf10%2Cf11%2Cf12%2Cf13&fields2=f51%2Cf52%2Cf53%2Cf54%2Cf55%2Cf56%2Cf57%2Cf58%2Cf59%2Cf60%2Cf61&beg=20250715&end=20260406&rtntype=6&secid=0.002292&klt=101&fqt=1 (Caused by ProxyError('Unable to connect to proxy', RemoteDisconnected('Remote end closed connection without response')))"
002366,0,,error,C:\Users\mengx\Desktop\量化策略\策略源码\data\4hao\raw\daily\002366.csv,"HTTPSConnectionPool(host='push2his.eastmoney.com', port=443): Max retries exceeded with url: /api/qt/stock/kline/get?fields1=f1%2Cf2%2Cf3%2Cf4%2Cf5%2Cf6%2Cf7%2Cf8%2Cf9%2Cf10%2Cf11%2Cf12%2Cf13&fields2=f51%2Cf52%2Cf53%2Cf54%2Cf55%2Cf56%2Cf57%2Cf58%2Cf59%2Cf60%2Cf61&beg=20250715&end=20260406&rtntype=6&secid=0.002366&klt=101&fqt=1 (Caused by ProxyError('Unable to connect to proxy', RemoteDisconnected('Remote end closed connection without response')))"
002378,0,,error,C:\Users\mengx\Desktop\量化策略\策略源码\data\4hao\raw\daily\002378.csv,"HTTPSConnectionPool(host='push2his.eastmoney.com', port=443): Max retries exceeded with url: /api/qt/stock/kline/get?fields1=f1%2Cf2%2Cf3%2Cf4%2Cf5%2Cf6%2Cf7%2Cf8%2Cf9%2Cf10%2Cf11%2Cf12%2Cf13&fields2=f51%2Cf52%2Cf53%2Cf54%2Cf55%2Cf56%2Cf57%2Cf58%2Cf59%2Cf60%2Cf61&beg=20250715&end=20260406&rtntype=6&secid=0.002378&klt=101&fqt=1 (Caused by ProxyError('Unable to connect to proxy', RemoteDisconnected('Remote end closed connection without response')))"
002402,0,,error,C:\Users\mengx\Desktop\量化策略\策略源码\data\4hao\raw\daily\002402.csv,"HTTPSConnectionPool(host='push2his.eastmoney.com', port=443): Max retries exceeded with url: /api/qt/stock/kline/get?fields1=f1%2Cf2%2Cf3%2Cf4%2Cf5%2Cf6%2Cf7%2Cf8%2Cf9%2Cf10%2Cf11%2Cf12%2Cf13&fields2=f51%2Cf52%2Cf53%2Cf54%2Cf55%2Cf56%2Cf57%2Cf58%2Cf59%2Cf60%2Cf61&beg=20250715&end=20260406&rtntype=6&secid=0.002402&klt=101&fqt=1 (Caused by ProxyError('Unable to connect to proxy', RemoteDisconnected('Remote end closed connection without response')))"
002426,0,,error,C:\Users\mengx\Desktop\量化策略\策略源码\data\4hao\raw\daily\002426.csv,"HTTPSConnectionPool(host='push2his.eastmoney.com', port=443): Max retries exceeded with url: /api/qt/stock/kline/get?fields1=f1%2Cf2%2Cf3%2Cf4%2Cf5%2Cf6%2Cf7%2Cf8%2Cf9%2Cf10%2Cf11%2Cf12%2Cf13&fields2=f51%2Cf52%2Cf53%2Cf54%2Cf55%2Cf56%2Cf57%2Cf58%2Cf59%2Cf60%2Cf61&beg=20250715&end=20260406&rtntype=6&secid=0.002426&klt=101&fqt=1 (Caused by ProxyError('Unable to connect to proxy', RemoteDisconnected('Remote end closed connection without response')))"
002429,0,,error,C:\Users\mengx\Desktop\量化策略\策略源码\data\4hao\raw\daily\002429.csv,"HTTPSConnectionPool(host='push2his.eastmoney.com', port=443): Max retries exceeded with url: /api/qt/stock/kline/get?fields1=f1%2Cf2%2Cf3%2Cf4%2Cf5%2Cf6%2Cf7%2Cf8%2Cf9%2Cf10%2Cf11%2Cf12%2Cf13&fields2=f51%2Cf52%2Cf53%2Cf54%2Cf55%2Cf56%2Cf57%2Cf58%2Cf59%2Cf60%2Cf61&beg=20250715&end=20260406&rtntype=6&secid=0.002429&klt=101&fqt=1 (Caused by ProxyError('Unable to connect to proxy', RemoteDisconnected('Remote end closed connection without response')))"
002456,0,,error,C:\Users\mengx\Desktop\量化策略\策略源码\data\4hao\raw\daily\002456.csv,"HTTPSConnectionPool(host='push2his.eastmoney.com', port=443): Max retries exceeded with url: /api/qt/stock/kline/get?fields1=f1%2Cf2%2Cf3%2Cf4%2Cf5%2Cf6%2Cf7%2Cf8%2Cf9%2Cf10%2Cf11%2Cf12%2Cf13&fields2=f51%2Cf52%2Cf53%2Cf54%2Cf55%2Cf56%2Cf57%2Cf58%2Cf59%2Cf60%2Cf61&beg=20250715&end=20260406&rtntype=6&secid=0.002456&klt=101&fqt=1 (Caused by ProxyError('Unable to connect to proxy', RemoteDisconnected('Remote end closed connection without response')))"
002463,0,,error,C:\Users\mengx\Desktop\量化策略\策略源码\data\4hao\raw\daily\002463.csv,"HTTPSConnectionPool(host='push2his.eastmoney.com', port=443): Max retries exceeded with url: /api/qt/stock/kline/get?fields1=f1%2Cf2%2Cf3%2Cf4%2Cf5%2Cf6%2Cf7%2Cf8%2Cf9%2Cf10%2Cf11%2Cf12%2Cf13&fields2=f51%2Cf52%2Cf53%2Cf54%2Cf55%2Cf56%2Cf57%2Cf58%2Cf59%2Cf60%2Cf61&beg=20250715&end=20260406&rtntype=6&secid=0.002463&klt=101&fqt=1 (Caused by ProxyError('Unable to connect to proxy', RemoteDisconnected('Remote end closed connection without response')))"
002475,0,,error,C:\Users\mengx\Desktop\量化策略\策略源码\data\4hao\raw\daily\002475.csv,"HTTPSConnectionPool(host='push2his.eastmoney.com', port=443): Max retries exceeded with url: /api/qt/stock/kline/get?fields1=f1%2Cf2%2Cf3%2Cf4%2Cf5%2Cf6%2Cf7%2Cf8%2Cf9%2Cf10%2Cf11%2Cf12%2Cf13&fields2=f51%2Cf52%2Cf53%2Cf54%2Cf55%2Cf56%2Cf57%2Cf58%2Cf59%2Cf60%2Cf61&beg=20250715&end=20260406&rtntype=6&secid=0.002475&klt=101&fqt=1 (Caused by ProxyError('Unable to connect to proxy', RemoteDisconnected('Remote end closed connection without response')))"
002497,0,,error,C:\Users\mengx\Desktop\量化策略\策略源码\data\4hao\raw\daily\002497.csv,"HTTPSConnectionPool(host='push2his.eastmoney.com', port=443): Max retries exceeded with url: /api/qt/stock/kline/get?fields1=f1%2Cf2%2Cf3%2Cf4%2Cf5%2Cf6%2Cf7%2Cf8%2Cf9%2Cf10%2Cf11%2Cf12%2Cf13&fields2=f51%2Cf52%2Cf53%2Cf54%2Cf55%2Cf56%2Cf57%2Cf58%2Cf59%2Cf60%2Cf61&beg=20250715&end=20260406&rtntype=6&secid=0.002497&klt=101&fqt=1 (Caused by ProxyError('Unable to connect to proxy', RemoteDisconnected('Remote end closed connection without response')))"
002583,0,,error,C:\Users\mengx\Desktop\量化策略\策略源码\data\4hao\raw\daily\002583.csv,"HTTPSConnectionPool(host='push2his.eastmoney.com', port=443): Max retries exceeded with url: /api/qt/stock/kline/get?fields1=f1%2Cf2%2Cf3%2Cf4%2Cf5%2Cf6%2Cf7%2Cf8%2Cf9%2Cf10%2Cf11%2Cf12%2Cf13&fields2=f51%2Cf52%2Cf53%2Cf54%2Cf55%2Cf56%2Cf57%2Cf58%2Cf59%2Cf60%2Cf61&beg=20250715&end=20260406&rtntype=6&secid=0.002583&klt=101&fqt=1 (Caused by ProxyError('Unable to connect to proxy', RemoteDisconnected('Remote end closed connection without response')))"
002648,0,,error,C:\Users\mengx\Desktop\量化策略\策略源码\data\4hao\raw\daily\002648.csv,"HTTPSConnectionPool(host='push2his.eastmoney.com', port=443): Max retries exceeded with url: /api/qt/stock/kline/get?fields1=f1%2Cf2%2Cf3%2Cf4%2Cf5%2Cf6%2Cf7%2Cf8%2Cf9%2Cf10%2Cf11%2Cf12%2Cf13&fields2=f51%2Cf52%2Cf53%2Cf54%2Cf55%2Cf56%2Cf57%2Cf58%2Cf59%2Cf60%2Cf61&beg=20250715&end=20260406&rtntype=6&secid=0.002648&klt=101&fqt=1 (Caused by ProxyError('Unable to connect to proxy', RemoteDisconnected('Remote end closed connection without response')))"
002653,0,,error,C:\Users\mengx\Desktop\量化策略\策略源码\data\4hao\raw\daily\002653.csv,"HTTPSConnectionPool(host='push2his.eastmoney.com', port=443): Max retries exceeded with url: /api/qt/stock/kline/get?fields1=f1%2Cf2%2Cf3%2Cf4%2Cf5%2Cf6%2Cf7%2Cf8%2Cf9%2Cf10%2Cf11%2Cf12%2Cf13&fields2=f51%2Cf52%2Cf53%2Cf54%2Cf55%2Cf56%2Cf57%2Cf58%2Cf59%2Cf60%2Cf61&beg=20250715&end=20260406&rtntype=6&secid=0.002653&klt=101&fqt=1 (Caused by ProxyError('Unable to connect to proxy', RemoteDisconnected('Remote end closed connection without response')))"
002831,0,,error,C:\Users\mengx\Desktop\量化策略\策略源码\data\4hao\raw\daily\002831.csv,"HTTPSConnectionPool(host='push2his.eastmoney.com', port=443): Max retries exceeded with url: /api/qt/stock/kline/get?fields1=f1%2Cf2%2Cf3%2Cf4%2Cf5%2Cf6%2Cf7%2Cf8%2Cf9%2Cf10%2Cf11%2Cf12%2Cf13&fields2=f51%2Cf52%2Cf53%2Cf54%2Cf55%2Cf56%2Cf57%2Cf58%2Cf59%2Cf60%2Cf61&beg=20250715&end=20260406&rtntype=6&secid=0.002831&klt=101&fqt=1 (Caused by ProxyError('Unable to connect to proxy', RemoteDisconnected('Remote end closed connection without response')))"
002896,0,,error,C:\Users\mengx\Desktop\量化策略\策略源码\data\4hao\raw\daily\002896.csv,"HTTPSConnectionPool(host='push2his.eastmoney.com', port=443): Max retries exceeded with url: /api/qt/stock/kline/get?fields1=f1%2Cf2%2Cf3%2Cf4%2Cf5%2Cf6%2Cf7%2Cf8%2Cf9%2Cf10%2Cf11%2Cf12%2Cf13&fields2=f51%2Cf52%2Cf53%2Cf54%2Cf55%2Cf56%2Cf57%2Cf58%2Cf59%2Cf60%2Cf61&beg=20250715&end=20260406&rtntype=6&secid=0.002896&klt=101&fqt=1 (Caused by ProxyError('Unable to connect to proxy', RemoteDisconnected('Remote end closed connection without response')))"
002945,0,,error,C:\Users\mengx\Desktop\量化策略\策略源码\data\4hao\raw\daily\002945.csv,"HTTPSConnectionPool(host='push2his.eastmoney.com', port=443): Max retries exceeded with url: /api/qt/stock/kline/get?fields1=f1%2Cf2%2Cf3%2Cf4%2Cf5%2Cf6%2Cf7%2Cf8%2Cf9%2Cf10%2Cf11%2Cf12%2Cf13&fields2=f51%2Cf52%2Cf53%2Cf54%2Cf55%2Cf56%2Cf57%2Cf58%2Cf59%2Cf60%2Cf61&beg=20250715&end=20260406&rtntype=6&secid=0.002945&klt=101&fqt=1 (Caused by ProxyError('Unable to connect to proxy', RemoteDisconnected('Remote end closed connection without response')))"
003009,0,,error,C:\Users\mengx\Desktop\量化策略\策略源码\data\4hao\raw\daily\003009.csv,"HTTPSConnectionPool(host='push2his.eastmoney.com', port=443): Max retries exceeded with url: /api/qt/stock/kline/get?fields1=f1%2Cf2%2Cf3%2Cf4%2Cf5%2Cf6%2Cf7%2Cf8%2Cf9%2Cf10%2Cf11%2Cf12%2Cf13&fields2=f51%2Cf52%2Cf53%2Cf54%2Cf55%2Cf56%2Cf57%2Cf58%2Cf59%2Cf60%2Cf61&beg=20250715&end=20260406&rtntype=6&secid=0.003009&klt=101&fqt=1 (Caused by ProxyError('Unable to connect to proxy', RemoteDisconnected('Remote end closed connection without response')))"
600033,0,,error,C:\Users\mengx\Desktop\量化策略\策略源码\data\4hao\raw\daily\600033.csv,"HTTPSConnectionPool(host='push2his.eastmoney.com', port=443): Max retries exceeded with url: /api/qt/stock/kline/get?fields1=f1%2Cf2%2Cf3%2Cf4%2Cf5%2Cf6%2Cf7%2Cf8%2Cf9%2Cf10%2Cf11%2Cf12%2Cf13&fields2=f51%2Cf52%2Cf53%2Cf54%2Cf55%2Cf56%2Cf57%2Cf58%2Cf59%2Cf60%2Cf61&beg=20250715&end=20260406&rtntype=6&secid=1.600033&klt=101&fqt=1 (Caused by ProxyError('Unable to connect to proxy', RemoteDisconnected('Remote end closed connection without response')))"
600089,0,,error,C:\Users\mengx\Desktop\量化策略\策略源码\data\4hao\raw\daily\600089.csv,"HTTPSConnectionPool(host='push2his.eastmoney.com', port=443): Max retries exceeded with url: /api/qt/stock/kline/get?fields1=f1%2Cf2%2Cf3%2Cf4%2Cf5%2Cf6%2Cf7%2Cf8%2Cf9%2Cf10%2Cf11%2Cf12%2Cf13&fields2=f51%2Cf52%2Cf53%2Cf54%2Cf55%2Cf56%2Cf57%2Cf58%2Cf59%2Cf60%2Cf61&beg=20250715&end=20260406&rtntype=6&secid=1.600089&klt=101&fqt=1 (Caused by ProxyError('Unable to connect to proxy', RemoteDisconnected('Remote end closed connection without response')))"
600184,0,,error,C:\Users\mengx\Desktop\量化策略\策略源码\data\4hao\raw\daily\600184.csv,"HTTPSConnectionPool(host='push2his.eastmoney.com', port=443): Max retries exceeded with url: /api/qt/stock/kline/get?fields1=f1%2Cf2%2Cf3%2Cf4%2Cf5%2Cf6%2Cf7%2Cf8%2Cf9%2Cf10%2Cf11%2Cf12%2Cf13&fields2=f51%2Cf52%2Cf53%2Cf54%2Cf55%2Cf56%2Cf57%2Cf58%2Cf59%2Cf60%2Cf61&beg=20250715&end=20260406&rtntype=6&secid=1.600184&klt=101&fqt=1 (Caused by ProxyError('Unable to connect to proxy', RemoteDisconnected('Remote end closed connection without response')))"
600185,0,,error,C:\Users\mengx\Desktop\量化策略\策略源码\data\4hao\raw\daily\600185.csv,"HTTPSConnectionPool(host='push2his.eastmoney.com', port=443): Max retries exceeded with url: /api/qt/stock/kline/get?fields1=f1%2Cf2%2Cf3%2Cf4%2Cf5%2Cf6%2Cf7%2Cf8%2Cf9%2Cf10%2Cf11%2Cf12%2Cf13&fields2=f51%2Cf52%2Cf53%2Cf54%2Cf55%2Cf56%2Cf57%2Cf58%2Cf59%2Cf60%2Cf61&beg=20250715&end=20260406&rtntype=6&secid=1.600185&klt=101&fqt=1 (Caused by ProxyError('Unable to connect to proxy', RemoteDisconnected('Remote end closed connection without response')))"
600198,0,,error,C:\Users\mengx\Desktop\量化策略\策略源码\data\4hao\raw\daily\600198.csv,"HTTPSConnectionPool(host='push2his.eastmoney.com', port=443): Max retries exceeded with url: /api/qt/stock/kline/get?fields1=f1%2Cf2%2Cf3%2Cf4%2Cf5%2Cf6%2Cf7%2Cf8%2Cf9%2Cf10%2Cf11%2Cf12%2Cf13&fields2=f51%2Cf52%2Cf53%2Cf54%2Cf55%2Cf56%2Cf57%2Cf58%2Cf59%2Cf60%2Cf61&beg=20250715&end=20260406&rtntype=6&secid=1.600198&klt=101&fqt=1 (Caused by ProxyError('Unable to connect to proxy', RemoteDisconnected('Remote end closed connection without response')))"
600339,0,,error,C:\Users\mengx\Desktop\量化策略\策略源码\data\4hao\raw\daily\600339.csv,"HTTPSConnectionPool(host='push2his.eastmoney.com', port=443): Max retries exceeded with url: /api/qt/stock/kline/get?fields1=f1%2Cf2%2Cf3%2Cf4%2Cf5%2Cf6%2Cf7%2Cf8%2Cf9%2Cf10%2Cf11%2Cf12%2Cf13&fields2=f51%2Cf52%2Cf53%2Cf54%2Cf55%2Cf56%2Cf57%2Cf58%2Cf59%2Cf60%2Cf61&beg=20250715&end=20260406&rtntype=6&secid=1.600339&klt=101&fqt=1 (Caused by ProxyError('Unable to connect to proxy', RemoteDisconnected('Remote end closed connection without response')))"
600362,0,,error,C:\Users\mengx\Desktop\量化策略\策略源码\data\4hao\raw\daily\600362.csv,"HTTPSConnectionPool(host='push2his.eastmoney.com', port=443): Max retries exceeded with url: /api/qt/stock/kline/get?fields1=f1%2Cf2%2Cf3%2Cf4%2Cf5%2Cf6%2Cf7%2Cf8%2Cf9%2Cf10%2Cf11%2Cf12%2Cf13&fields2=f51%2Cf52%2Cf53%2Cf54%2Cf55%2Cf56%2Cf57%2Cf58%2Cf59%2Cf60%2Cf61&beg=20250715&end=20260406&rtntype=6&secid=1.600362&klt=101&fqt=1 (Caused by ProxyError('Unable to connect to proxy', RemoteDisconnected('Remote end closed connection without response')))"
600363,0,,error,C:\Users\mengx\Desktop\量化策略\策略源码\data\4hao\raw\daily\600363.csv,"HTTPSConnectionPool(host='push2his.eastmoney.com', port=443): Max retries exceeded with url: /api/qt/stock/kline/get?fields1=f1%2Cf2%2Cf3%2Cf4%2Cf5%2Cf6%2Cf7%2Cf8%2Cf9%2Cf10%2Cf11%2Cf12%2Cf13&fields2=f51%2Cf52%2Cf53%2Cf54%2Cf55%2Cf56%2Cf57%2Cf58%2Cf59%2Cf60%2Cf61&beg=20250715&end=20260406&rtntype=6&secid=1.600363&klt=101&fqt=1 (Caused by ProxyError('Unable to connect to proxy', RemoteDisconnected('Remote end closed connection without response')))"
600438,0,,error,C:\Users\mengx\Desktop\量化策略\策略源码\data\4hao\raw\daily\600438.csv,"HTTPSConnectionPool(host='push2his.eastmoney.com', port=443): Max retries exceeded with url: /api/qt/stock/kline/get?fields1=f1%2Cf2%2Cf3%2Cf4%2Cf5%2Cf6%2Cf7%2Cf8%2Cf9%2Cf10%2Cf11%2Cf12%2Cf13&fields2=f51%2Cf52%2Cf53%2Cf54%2Cf55%2Cf56%2Cf57%2Cf58%2Cf59%2Cf60%2Cf61&beg=20250715&end=20260406&rtntype=6&secid=1.600438&klt=101&fqt=1 (Caused by ProxyError('Unable to connect to proxy', RemoteDisconnected('Remote end closed connection without response')))"
600501,0,,error,C:\Users\mengx\Desktop\量化策略\策略源码\data\4hao\raw\daily\600501.csv,"HTTPSConnectionPool(host='push2his.eastmoney.com', port=443): Max retries exceeded with url: /api/qt/stock/kline/get?fields1=f1%2Cf2%2Cf3%2Cf4%2Cf5%2Cf6%2Cf7%2Cf8%2Cf9%2Cf10%2Cf11%2Cf12%2Cf13&fields2=f51%2Cf52%2Cf53%2Cf54%2Cf55%2Cf56%2Cf57%2Cf58%2Cf59%2Cf60%2Cf61&beg=20250715&end=20260406&rtntype=6&secid=1.600501&klt=101&fqt=1 (Caused by ProxyError('Unable to connect to proxy', RemoteDisconnected('Remote end closed connection without response')))"
600549,0,,error,C:\Users\mengx\Desktop\量化策略\策略源码\data\4hao\raw\daily\600549.csv,"HTTPSConnectionPool(host='push2his.eastmoney.com', port=443): Max retries exceeded with url: /api/qt/stock/kline/get?fields1=f1%2Cf2%2Cf3%2Cf4%2Cf5%2Cf6%2Cf7%2Cf8%2Cf9%2Cf10%2Cf11%2Cf12%2Cf13&fields2=f51%2Cf52%2Cf53%2Cf54%2Cf55%2Cf56%2Cf57%2Cf58%2Cf59%2Cf60%2Cf61&beg=20250715&end=20260406&rtntype=6&secid=1.600549&klt=101&fqt=1 (Caused by ProxyError('Unable to connect to proxy', RemoteDisconnected('Remote end closed connection without response')))"
600583,173,efinance,ok,C:\Users\mengx\Desktop\量化策略\策略源码\data\4hao\raw\daily\600583.csv,
600602,173,akshare,ok,C:\Users\mengx\Desktop\量化策略\策略源码\data\4hao\raw\daily\600602.csv,
600707,173,akshare,ok,C:\Users\mengx\Desktop\量化策略\策略源码\data\4hao\raw\daily\600707.csv,
600764,173,akshare,ok,C:\Users\mengx\Desktop\量化策略\策略源码\data\4hao\raw\daily\600764.csv,
600773,0,,error,C:\Users\mengx\Desktop\量化策略\策略源码\data\4hao\raw\daily\600773.csv,"HTTPSConnectionPool(host='push2his.eastmoney.com', port=443): Max retries exceeded with url: /api/qt/stock/kline/get?fields1=f1%2Cf2%2Cf3%2Cf4%2Cf5%2Cf6%2Cf7%2Cf8%2Cf9%2Cf10%2Cf11%2Cf12%2Cf13&fields2=f51%2Cf52%2Cf53%2Cf54%2Cf55%2Cf56%2Cf57%2Cf58%2Cf59%2Cf60%2Cf61&beg=20250715&end=20260406&rtntype=6&secid=1.600773&klt=101&fqt=1 (Caused by ProxyError('Unable to connect to proxy', RemoteDisconnected('Remote end closed connection without response')))"
600803,0,,error,C:\Users\mengx\Desktop\量化策略\策略源码\data\4hao\raw\daily\600803.csv,"HTTPSConnectionPool(host='push2his.eastmoney.com', port=443): Max retries exceeded with url: /api/qt/stock/kline/get?fields1=f1%2Cf2%2Cf3%2Cf4%2Cf5%2Cf6%2Cf7%2Cf8%2Cf9%2Cf10%2Cf11%2Cf12%2Cf13&fields2=f51%2Cf52%2Cf53%2Cf54%2Cf55%2Cf56%2Cf57%2Cf58%2Cf59%2Cf60%2Cf61&beg=20250715&end=20260406&rtntype=6&secid=1.600803&klt=101&fqt=1 (Caused by ProxyError('Unable to connect to proxy', RemoteDisconnected('Remote end closed connection without response')))"
600835,-1,local,cached,C:\Users\mengx\Desktop\量化策略\策略源码\data\4hao\raw\daily\600835.csv,
600875,-1,local,cached,C:\Users\mengx\Desktop\量化策略\策略源码\data\4hao\raw\daily\600875.csv,
600961,-1,local,cached,C:\Users\mengx\Desktop\量化策略\策略源码\data\4hao\raw\daily\600961.csv,
600996,-1,local,cached,C:\Users\mengx\Desktop\量化策略\策略源码\data\4hao\raw\daily\600996.csv,
601012,173,efinance,ok,C:\Users\mengx\Desktop\量化策略\策略源码\data\4hao\raw\daily\601012.csv,
601068,173,akshare,ok,C:\Users\mengx\Desktop\量化策略\策略源码\data\4hao\raw\daily\601068.csv,
601117,-1,local,cached,C:\Users\mengx\Desktop\量化策略\策略源码\data\4hao\raw\daily\601117.csv,
601168,173,akshare,ok,C:\Users\mengx\Desktop\量化策略\策略源码\data\4hao\raw\daily\601168.csv,
601512,173,akshare,ok,C:\Users\mengx\Desktop\量化策略\策略源码\data\4hao\raw\daily\601512.csv,
601669,0,,error,C:\Users\mengx\Desktop\量化策略\策略源码\data\4hao\raw\daily\601669.csv,"HTTPSConnectionPool(host='push2his.eastmoney.com', port=443): Max retries exceeded with url: /api/qt/stock/kline/get?fields1=f1%2Cf2%2Cf3%2Cf4%2Cf5%2Cf6%2Cf7%2Cf8%2Cf9%2Cf10%2Cf11%2Cf12%2Cf13&fields2=f51%2Cf52%2Cf53%2Cf54%2Cf55%2Cf56%2Cf57%2Cf58%2Cf59%2Cf60%2Cf61&beg=20250715&end=20260406&rtntype=6&secid=1.601669&klt=101&fqt=1 (Caused by ProxyError('Unable to connect to proxy', RemoteDisconnected('Remote end closed connection without response')))"
601699,0,,error,C:\Users\mengx\Desktop\量化策略\策略源码\data\4hao\raw\daily\601699.csv,"HTTPSConnectionPool(host='push2his.eastmoney.com', port=443): Max retries exceeded with url: /api/qt/stock/kline/get?fields1=f1%2Cf2%2Cf3%2Cf4%2Cf5%2Cf6%2Cf7%2Cf8%2Cf9%2Cf10%2Cf11%2Cf12%2Cf13&fields2=f51%2Cf52%2Cf53%2Cf54%2Cf55%2Cf56%2Cf57%2Cf58%2Cf59%2Cf60%2Cf61&beg=20250715&end=20260406&rtntype=6&secid=1.601699&klt=101&fqt=1 (Caused by ProxyError('Unable to connect to proxy', RemoteDisconnected('Remote end closed connection without response')))"
601808,0,,error,C:\Users\mengx\Desktop\量化策略\策略源码\data\4hao\raw\daily\601808.csv,"HTTPSConnectionPool(host='push2his.eastmoney.com', port=443): Max retries exceeded with url: /api/qt/stock/kline/get?fields1=f1%2Cf2%2Cf3%2Cf4%2Cf5%2Cf6%2Cf7%2Cf8%2Cf9%2Cf10%2Cf11%2Cf12%2Cf13&fields2=f51%2Cf52%2Cf53%2Cf54%2Cf55%2Cf56%2Cf57%2Cf58%2Cf59%2Cf60%2Cf61&beg=20250715&end=20260406&rtntype=6&secid=1.601808&klt=101&fqt=1 (Caused by ProxyError('Unable to connect to proxy', RemoteDisconnected('Remote end closed connection without response')))"
601858,0,,error,C:\Users\mengx\Desktop\量化策略\策略源码\data\4hao\raw\daily\601858.csv,"HTTPSConnectionPool(host='push2his.eastmoney.com', port=443): Max retries exceeded with url: /api/qt/stock/kline/get?fields1=f1%2Cf2%2Cf3%2Cf4%2Cf5%2Cf6%2Cf7%2Cf8%2Cf9%2Cf10%2Cf11%2Cf12%2Cf13&fields2=f51%2Cf52%2Cf53%2Cf54%2Cf55%2Cf56%2Cf57%2Cf58%2Cf59%2Cf60%2Cf61&beg=20250715&end=20260406&rtntype=6&secid=1.601858&klt=101&fqt=1 (Caused by ProxyError('Unable to connect to proxy', RemoteDisconnected('Remote end closed connection without response')))"
601890,0,,error,C:\Users\mengx\Desktop\量化策略\策略源码\data\4hao\raw\daily\601890.csv,"HTTPSConnectionPool(host='push2his.eastmoney.com', port=443): Max retries exceeded with url: /api/qt/stock/kline/get?fields1=f1%2Cf2%2Cf3%2Cf4%2Cf5%2Cf6%2Cf7%2Cf8%2Cf9%2Cf10%2Cf11%2Cf12%2Cf13&fields2=f51%2Cf52%2Cf53%2Cf54%2Cf55%2Cf56%2Cf57%2Cf58%2Cf59%2Cf60%2Cf61&beg=20250715&end=20260406&rtntype=6&secid=1.601890&klt=101&fqt=1 (Caused by ProxyError('Unable to connect to proxy', RemoteDisconnected('Remote end closed connection without response')))"
601969,0,,error,C:\Users\mengx\Desktop\量化策略\策略源码\data\4hao\raw\daily\601969.csv,"HTTPSConnectionPool(host='push2his.eastmoney.com', port=443): Max retries exceeded with url: /api/qt/stock/kline/get?fields1=f1%2Cf2%2Cf3%2Cf4%2Cf5%2Cf6%2Cf7%2Cf8%2Cf9%2Cf10%2Cf11%2Cf12%2Cf13&fields2=f51%2Cf52%2Cf53%2Cf54%2Cf55%2Cf56%2Cf57%2Cf58%2Cf59%2Cf60%2Cf61&beg=20250715&end=20260406&rtntype=6&secid=1.601969&klt=101&fqt=1 (Caused by ProxyError('Unable to connect to proxy', RemoteDisconnected('Remote end closed connection without response')))"
601991,0,,error,C:\Users\mengx\Desktop\量化策略\策略源码\data\4hao\raw\daily\601991.csv,"HTTPSConnectionPool(host='push2his.eastmoney.com', port=443): Max retries exceeded with url: /api/qt/stock/kline/get?fields1=f1%2Cf2%2Cf3%2Cf4%2Cf5%2Cf6%2Cf7%2Cf8%2Cf9%2Cf10%2Cf11%2Cf12%2Cf13&fields2=f51%2Cf52%2Cf53%2Cf54%2Cf55%2Cf56%2Cf57%2Cf58%2Cf59%2Cf60%2Cf61&beg=20250715&end=20260406&rtntype=6&secid=1.601991&klt=101&fqt=1 (Caused by ProxyError('Unable to connect to proxy', RemoteDisconnected('Remote end closed connection without response')))"
603009,0,,error,C:\Users\mengx\Desktop\量化策略\策略源码\data\4hao\raw\daily\603009.csv,"HTTPSConnectionPool(host='push2his.eastmoney.com', port=443): Max retries exceeded with url: /api/qt/stock/kline/get?fields1=f1%2Cf2%2Cf3%2Cf4%2Cf5%2Cf6%2Cf7%2Cf8%2Cf9%2Cf10%2Cf11%2Cf12%2Cf13&fields2=f51%2Cf52%2Cf53%2Cf54%2Cf55%2Cf56%2Cf57%2Cf58%2Cf59%2Cf60%2Cf61&beg=20250715&end=20260406&rtntype=6&secid=1.603009&klt=101&fqt=1 (Caused by ProxyError('Unable to connect to proxy', RemoteDisconnected('Remote end closed connection without response')))"
603698,0,,error,C:\Users\mengx\Desktop\量化策略\策略源码\data\4hao\raw\daily\603698.csv,"HTTPSConnectionPool(host='push2his.eastmoney.com', port=443): Max retries exceeded with url: /api/qt/stock/kline/get?fields1=f1%2Cf2%2Cf3%2Cf4%2Cf5%2Cf6%2Cf7%2Cf8%2Cf9%2Cf10%2Cf11%2Cf12%2Cf13&fields2=f51%2Cf52%2Cf53%2Cf54%2Cf55%2Cf56%2Cf57%2Cf58%2Cf59%2Cf60%2Cf61&beg=20250715&end=20260406&rtntype=6&secid=1.603698&klt=101&fqt=1 (Caused by ProxyError('Unable to connect to proxy', RemoteDisconnected('Remote end closed connection without response')))"
603712,0,,error,C:\Users\mengx\Desktop\量化策略\策略源码\data\4hao\raw\daily\603712.csv,"HTTPSConnectionPool(host='push2his.eastmoney.com', port=443): Max retries exceeded with url: /api/qt/stock/kline/get?fields1=f1%2Cf2%2Cf3%2Cf4%2Cf5%2Cf6%2Cf7%2Cf8%2Cf9%2Cf10%2Cf11%2Cf12%2Cf13&fields2=f51%2Cf52%2Cf53%2Cf54%2Cf55%2Cf56%2Cf57%2Cf58%2Cf59%2Cf60%2Cf61&beg=20250715&end=20260406&rtntype=6&secid=1.603712&klt=101&fqt=1 (Caused by ProxyError('Unable to connect to proxy', RemoteDisconnected('Remote end closed connection without response')))"
605196,0,,error,C:\Users\mengx\Desktop\量化策略\策略源码\data\4hao\raw\daily\605196.csv,"HTTPSConnectionPool(host='push2his.eastmoney.com', port=443): Max retries exceeded with url: /api/qt/stock/kline/get?fields1=f1%2Cf2%2Cf3%2Cf4%2Cf5%2Cf6%2Cf7%2Cf8%2Cf9%2Cf10%2Cf11%2Cf12%2Cf13&fields2=f51%2Cf52%2Cf53%2Cf54%2Cf55%2Cf56%2Cf57%2Cf58%2Cf59%2Cf60%2Cf61&beg=20250715&end=20260406&rtntype=6&secid=1.605196&klt=101&fqt=1 (Caused by ProxyError('Unable to connect to proxy', RemoteDisconnected('Remote end closed connection without response')))"
